{
  "idx": {
    "Colombo": [
      [
        2.0,
        5.0
      ],
      [
        1.0,
        5.5
      ],
      [
        0.0,
        5.0
      ]
    ],
    "Gampaha": [
      [
        1.0,
        3.5
      ],
      [
        1.0,
        4.5
      ],
      [
        2.0,
        4.0
      ]
    ],
    "Kalutara": [
      [
        1.0,
        6.5
      ],
      [
        2.0,
        6.0
      ]
    ],
    "Kandy": [
      [
        4.0,
        4.0
      ],
      [
        3.0,
        3.5
      ]
    ],
    "Matale": [
      [
        3.0,
        2.5
      ]
    ],
    "Nuwara-Eliya": [
      [
        4.0,
        5.0
      ]
    ],
    "Galle": [
      [
        2.0,
        7.0
      ],
      [
        3.0,
        6.5
      ]
    ],
    "Matara": [
      [
        3.0,
        7.5
      ]
    ],
    "Hambantota": [
      [
        4.0,
        7.0
      ]
    ],
    "Jaffna": [
      [
        2.0,
        0.0
      ]
    ],
    "Vanni": [
      [
        2.0,
        1.0
      ]
    ],
    "Batticaloa": [
      [
        5.0,
        2.5
      ]
    ],
    "Digamadulla": [
      [
        5.0,
        3.5
      ]
    ],
    "Trincomalee": [
      [
        4.0,
        2.0
      ]
    ],
    "Kurunegala": [
      [
        2.0,
        3.0
      ],
      [
        2.0,
        2.0
      ]
    ],
    "Puttalam": [
      [
        1.0,
        2.5
      ]
    ],
    "Anuradhapura": [
      [
        3.0,
        1.5
      ]
    ],
    "Polonnaruwa": [
      [
        4.0,
        3.0
      ]
    ],
    "Badulla": [
      [
        5.0,
        4.5
      ]
    ],
    "Moneragala": [
      [
        5.0,
        5.5
      ]
    ],
    "Ratnapura": [
      [
        3.0,
        5.5
      ],
      [
        4.0,
        6.0
      ]
    ],
    "Kegalle": [
      [
        3.0,
        4.5
      ]
    ]
  },
  "idx2": {
    "Colombo": [
      [
        [
          0.33666666666666617,
          4.495
        ],
        [
          -0.3366666666666669,
          4.495
        ],
        [
          -0.6733333333333332,
          5.0
        ],
        [
          -0.33666666666666645,
          5.505
        ],
        [
          0.3300000000000003,
          5.505
        ],
        [
          0.6633333333333336,
          6.005
        ],
        [
          1.3366666666666667,
          6.005
        ],
        [
          1.6699999999999997,
          5.505
        ],
        [
          2.336666666666667,
          5.505
        ],
        [
          2.6733333333333333,
          5.0
        ],
        [
          2.336666666666666,
          4.495
        ],
        [
          1.663333333333333,
          4.495
        ],
        [
          1.33,
          4.995
        ],
        [
          0.6699999999999997,
          4.995
        ],
        [
          0.33666666666666617,
          4.495
        ]
      ]
    ],
    "Gampaha": [
      [
        [
          1.3366666666666662,
          2.994999999999999
        ],
        [
          0.6633333333333331,
          2.9949999999999997
        ],
        [
          0.32666666666666677,
          3.4999999999999996
        ],
        [
          0.66,
          3.999999999999999
        ],
        [
          0.32666666666666677,
          4.5
        ],
        [
          0.6633333333333336,
          5.005
        ],
        [
          1.3366666666666667,
          5.005
        ],
        [
          1.6699999999999997,
          4.505
        ],
        [
          2.336666666666667,
          4.505
        ],
        [
          2.6733333333333333,
          4.0
        ],
        [
          2.336666666666666,
          3.495
        ],
        [
          1.6700000000000004,
          3.495
        ],
        [
          1.3366666666666662,
          2.994999999999999
        ]
      ]
    ],
    "Kalutara": [
      [
        [
          2.336666666666667,
          6.505
        ],
        [
          2.6733333333333333,
          6.0
        ],
        [
          2.336666666666666,
          5.495
        ],
        [
          1.663333333333333,
          5.495
        ],
        [
          1.33,
          5.995
        ],
        [
          0.6633333333333331,
          5.995
        ],
        [
          0.32666666666666677,
          6.5
        ],
        [
          0.6633333333333336,
          7.005
        ],
        [
          1.3366666666666667,
          7.005
        ],
        [
          1.6699999999999997,
          6.505
        ],
        [
          2.336666666666667,
          6.505
        ]
      ]
    ],
    "Kandy": [
      [
        [
          3.336666666666666,
          2.994999999999999
        ],
        [
          2.663333333333333,
          2.9949999999999997
        ],
        [
          2.3266666666666667,
          3.4999999999999996
        ],
        [
          2.6633333333333336,
          4.005
        ],
        [
          3.3299999999999996,
          4.005
        ],
        [
          3.6633333333333336,
          4.505
        ],
        [
          4.336666666666667,
          4.505
        ],
        [
          4.673333333333333,
          4.0
        ],
        [
          4.336666666666666,
          3.495
        ],
        [
          3.6700000000000004,
          3.495
        ],
        [
          3.336666666666666,
          2.994999999999999
        ]
      ]
    ],
    "Matale": [
      [
        [
          3.6733333333333333,
          2.5
        ],
        [
          3.336666666666667,
          3.005
        ],
        [
          2.6633333333333336,
          3.005
        ],
        [
          2.3266666666666667,
          2.5
        ],
        [
          2.663333333333333,
          1.995
        ],
        [
          3.336666666666666,
          1.9949999999999997
        ],
        [
          3.6733333333333333,
          2.5
        ]
      ]
    ],
    "Nuwara-Eliya": [
      [
        [
          4.673333333333333,
          5.0
        ],
        [
          4.336666666666667,
          5.505
        ],
        [
          3.6633333333333336,
          5.505
        ],
        [
          3.3266666666666667,
          5.0
        ],
        [
          3.663333333333333,
          4.495
        ],
        [
          4.336666666666666,
          4.495
        ],
        [
          4.673333333333333,
          5.0
        ]
      ]
    ],
    "Galle": [
      [
        [
          3.336666666666667,
          7.005
        ],
        [
          3.6733333333333333,
          6.5
        ],
        [
          3.336666666666666,
          5.995
        ],
        [
          2.663333333333333,
          5.995
        ],
        [
          2.33,
          6.494999999999999
        ],
        [
          1.663333333333333,
          6.494999999999999
        ],
        [
          1.3266666666666667,
          6.999999999999999
        ],
        [
          1.6633333333333336,
          7.505
        ],
        [
          2.336666666666667,
          7.504999999999998
        ],
        [
          2.67,
          7.005
        ],
        [
          3.336666666666667,
          7.005
        ]
      ]
    ],