{
  "idx": {
    "Western": [
      [
        0.0,
        2.5
      ]
    ],
    "Central": [
      [
        1.0,
        2.0
      ]
    ],
    "Southern": [
      [
        0.0,
        3.5
      ]
    ],
    "Northern": [
      [
        0.0,
        0.5
      ]
    ],
    "Eastern": [
      [
        2.0,
        1.5
      ]
    ],
    "North Western": [
      [
        0.0,
        1.5
      ]
    ],
    "North Central": [
      [
        1.0,
        1.0
      ]
    ],
    "Uva": [
      [
        2.0,
        2.5
      ]
    ],
    "Sabaragamuwa": [
      [
        1.0,
        3.0
      ]
    ]
  },
  "idx2": {
    "Default": {
      "G3": [
        [
          [
            2.336666666666667,
            2.005
          ],
          [
            2.6733333333333333,
            1.5
          ],
          [
            2.336666666666666,
            0.9949999999999998
          ],
          [
            1.663333333333333,
            0.9950000000000001
          ],
          [
            1.33,
            1.4949999999999997
          ],
          [
            0.6633333333333331,
            1.495
          ],
          [
            0.3300000000000003,
            1.9949999999999997
          ],
          [
            -0.3366666666666669,
            1.995
          ],
          [
            -0.6733333333333332,
            2.5
          ],
          [
            -0.33666666666666645,
            3.005
          ],
          [
            0.33666666666666667,
            3.005
          ],
          [
            0.6699999999999999,
            2.505
          ],
          [
            1.3366666666666667,
            2.505
          ],
          [
            1.6700000000000002,
            2.005
          ],
          [
            2.336666666666667,
            2.005
          ]
        ]
      ],
      "G4": [
        [
          [
            2.336666666666667,
            3.005
          ],
          [
            2.6733333333333333,
            2.5
          ],
          [
            2.336666666666666,
            1.9949999999999997
          ],
          [
            1.663333333333333,
            1.995
          ],
          [
            1.33,
            2.4949999999999997
          ],
          [
            0.6633333333333331,
            2.495
          ],
          [
            0.33000000000000057,
            2.994999999999999
          ],
          [
            -0.3366666666666669,
            2.9949999999999997
          ],
          [
            -0.6733333333333332,
            3.4999999999999996
          ],
          [
            -0.33666666666666645,
            4.005
          ],
          [
            0.33666666666666667,
            4.005
          ],
          [
            0.6699999999999997,
            3.505
          ],
          [
            1.3366666666666667,
            3.505
          ],
          [
            1.6700000000000002,
            3.005
          ],
          [
            2.336666666666667,
            3.005
          ]
        ]
      ],
      "G1": [
        [
          [
            0.6733333333333332,
            0.5
          ],
          [
            0.33666666666666667,
            1.005
          ],
          [
            -0.33666666666666645,
            1.005
          ],
          [
            -0.6733333333333332,
            0.5000000000000001
          ],
          [
            -0.3366666666666669,
            -0.004999999999999896
          ],
          [
            0.33666666666666617,
            -0.005000000000000185
          ],
          [
            0.6733333333333332,
            0.5
          ]
        ]
      ],
      "G2": [
        [
          [
            1.3366666666666667,
            1.505
          ],
          [
            1.6733333333333333,
            1.0
          ],
          [
            1.3366666666666662,
            0.49499999999999983
          ],
          [
            0.6633333333333331,
            0.4950000000000001
          ],
          [
            0.3300000000000003,
            0.9949999999999998
          ],
          [
            -0.3366666666666669,
            0.9950000000000001
          ],
          [
            -0.6733333333333332,
            1.5
          ],
          [
            -0.33666666666666645,
            2.005
          ],
          [
            0.33666666666666667,
            2.005
          ],
          [
            0.6699999999999999,
            1.505
          ],
          [
            1.3366666666666667,
            1.505
          ]
        ]
      ]
    }
  },
  "dim": 1
}