{
  "idx": {
    "Western": [
      [
        0.0,
        2.5
      ]
    ],
    "Central": [
      [
        1.0,
        2.0
      ]
    ],
    "Southern": [
      [
        0.0,
        3.5
      ]
    ],
    "Northern": [
      [
        0.0,
        0.5
      ]
    ],
    "Eastern": [
      [
        2.0,
        1.5
      ]
    ],
    "North Western": [
      [
        0.0,
        1.5
      ]
    ],
    "North Central": [
      [
        1.0,
        1.0
      ]
    ],
    "Uva": [
      [
        2.0,
        2.5
      ]
    ],
    "Sabaragamuwa": [
      [
        1.0,
        3.0
      ]
    ]
  },
  "idx2": {
    "G3": [
      [
        [
          2.333666666666667,
          2.0004999999999997
        ],
        [
          2.667333333333333,
          1.5
        ],
        [
          2.333666666666666,
          0.9994999999999999
        ],
        [
          1.6663333333333332,
          0.9995000000000002
        ],
        [
          1.3330000000000002,
          1.4995
        ],
        [
          0.6663333333333332,
          1.4995
        ],
        [
          0.33300000000000013,
          1.9995
        ],
        [
          -0.33366666666666683,
          1.9995
        ],
        [
          -0.6673333333333331,
          2.5
        ],
        [
          -0.3336666666666664,
          3.0004999999999997
        ],
        [
          0.3336666666666666,
          3.0004999999999997
        ],
        [
          0.6669999999999998,
          2.5004999999999997
        ],
        [
          1.3336666666666666,
          2.5004999999999997
        ],
        [
          1.6669999999999998,
          2.0004999999999997
        ],
        [
          2.333666666666667,
          2.0004999999999997
        ]
      ]
    ],
    "G4": [
      [
        [
          2.333666666666667,
          3.0004999999999997
        ],
        [
          2.667333333333333,
          2.5
        ],
        [
          2.333666666666666,
          1.9995
        ],
        [
          1.6663333333333332,
          1.9995
        ],
        [
          1.3330000000000004,
          2.4995
        ],
        [
          0.6663333333333332,
          2.4995000000000003
        ],
        [
          0.33300000000000063,
          2.9994999999999994
        ],
        [
          -0.33366666666666683,
          2.9995
        ],
        [
          -0.6673333333333331,
          3.4999999999999996
        ],
        [
          -0.3336666666666664,
          4.0005
        ],
        [
          0.3336666666666666,
          4.0005
        ],
        [
          0.6669999999999998,
          3.5004999999999997
        ],
        [
          1.3336666666666666,
          3.5004999999999997
        ],
        [
          1.6669999999999998,
          3.0004999999999997
        ],
        [
          2.333666666666667,
          3.0004999999999997
        ]
      ]
    ],
    "G1": [
      [
        [
          0.6673333333333331,
          0.5
        ],
        [
          0.3336666666666666,
          1.0005
        ],
        [
          -0.3336666666666664,
          1.0005
        ],
        [
          -0.6673333333333331,
          0.5000000000000001
        ],
        [
          -0.33366666666666683,
          -0.0004999999999997781
        ],
        [
          0.3336666666666661,
          -0.0005000000000000666
        ],
        [
          0.6673333333333331,
          0.5
        ]
      ]
    ],
    "G2": [
      [
        [
          1.3336666666666666,
          1.5005
        ],
        [
          1.6673333333333331,
          1.0
        ],
        [
          1.3336666666666661,
          0.49949999999999994
        ],
        [
          0.6663333333333332,
          0.4995000000000002
        ],
        [
          0.33300000000000024,
          0.9994999999999999
        ],
        [
          -0.33366666666666683,
          0.9995000000000002
        ],
        [
          -0.6673333333333331,
          1.5
        ],
        [
          -0.3336666666666664,
          2.0004999999999997
        ],
        [
          0.3336666666666666,
          2.0004999999999997
        ],
        [
          0.6669999999999998,
          1.5005
        ],
        [
          1.3336666666666666,
          1.5005
        ]
      ]
    ]
  },
  "dim": 1
}