{
  "idx": {
    "Western": [
      [
        0.0,
        2.0
      ],
      [
        0.0,
        3.0
      ]
    ],
    "Central": [
      [
        1.0,
        1.5
      ]
    ],
    "Southern": [
      [
        1.0,
        3.5
      ]
    ],
    "Northern": [
      [
        0.0,
        0.0
      ]
    ],
    "Eastern": [
      [
        2,
        1
      ]
    ],
    "North Western": [
      [
        0.0,
        1.0
      ]
    ],
    "North Central": [
      [
        1.0,
        0.5
      ]
    ],
    "Uva": [
      [
        2.0,
        2.0
      ]
    ],
    "Sabaragamuwa": [
      [
        1.0,
        2.5
      ]
    ]
  },
  "idx2": {
    "Province": {
      "LK-1": [
        [
          [
            0.6733333333333332,
            2.0
          ],
          [
            0.33666666666666617,
            1.4949999999999997
          ],
          [
            -0.3366666666666669,
            1.495
          ],
          [
            -0.6733333333333332,
            2.0
          ],
          [
            -0.33999999999999997,
            2.4999999999999996
          ],
          [
            -0.6733333333333332,
            3.0
          ],
          [
            -0.33666666666666645,
            3.505
          ],
          [
            0.33666666666666667,
            3.505
          ],
          [
            0.6733333333333332,
            3.0
          ],
          [
            0.33999999999999986,
            2.5000000000000004
          ],
          [
            0.6733333333333332,
            2.0
          ]
        ]
      ],
      "LK-2": [
        [
          [
            1.6733333333333333,
            1.5
          ],
          [
            1.3366666666666667,
            2.005
          ],
          [
            0.6633333333333336,
            2.005
          ],
          [
            0.32666666666666677,
            1.5
          ],
          [
            0.6633333333333331,
            0.9950000000000001
          ],
          [
            1.3366666666666662,
            0.9949999999999998
          ],
          [
            1.6733333333333333,
            1.5
          ]
        ]
      ],
      "LK-3": [
        [
          [
            1.6733333333333333,
            3.4999999999999996
          ],
          [
            1.3366666666666667,
            4.005
          ],
          [
            0.6633333333333336,
            4.005
          ],
          [
            0.32666666666666677,
            3.4999999999999996
          ],
          [
            0.6633333333333331,
            2.9949999999999997
          ],
          [
            1.3366666666666662,
            2.994999999999999
          ],
          [
            1.6733333333333333,
            3.4999999999999996
          ]
        ]
      ],
      "LK-4": [
        [
          [
            0.6733333333333332,
            0.0
          ],
          [
            0.33666666666666667,
            0.5049999999999999
          ],
          [
            -0.33666666666666645,
            0.505
          ],
          [
            -0.6733333333333332,
            7.141206607414372e-17
          ],
          [
            -0.3366666666666669,
            -0.5049999999999999
          ],
          [
            0.33666666666666617,
            -0.5050000000000002
          ],
          [
            0.6733333333333332,
            0.0
          ]
        ]
      ],
      "LK-5": [
        [
          [
            2.6733333333333333,
            1.0
          ],
          [
            2.336666666666667,
            1.505
          ],
          [
            1.6633333333333336,
            1.505
          ],
          [
            1.3266666666666667,
            1.0
          ],
          [
            1.663333333333333,
            0.4950000000000001
          ],
          [
            2.336666666666666,
            0.49499999999999983
          ],
          [
            2.6733333333333333,
            1.0
          ]
        ]
      ],
      "LK-6": [
        [
          [
            0.6733333333333332,
            1.0
          ],
          [
            0.33666666666666667,
            1.505
          ],
          [
            -0.33666666666666645,
            1.505
          ],
          [
            -0.6733333333333332,
            1.0
          ],
          [
            -0.3366666666666669,
            0.4950000000000001
          ],
          [
            0.33666666666666617,
            0.49499999999999983
          ],
          [
            0.6733333333333332,
            1.0
          ]
        ]
      ],
      "LK-7": [
        [
          [
            1.6733333333333333,
            0.5
          ],
          [
            1.3366666666666667,
            1.005
          ],
          [
            0.6633333333333336,
            1.005
          ],
          [
            0.32666666666666677,
            0.5000000000000001
          ],
          [
            0.6633333333333331,
            -0.004999999999999896
          ],
          [
            1.3366666666666662,
            -0.005000000000000185
          ],
          [
            1.6733333333333333,
            0.5
          ]
        ]
      ],
      "LK-8": [
        [
          [
            2.6733333333333333,
            2.0
          ],
          [
            2.336666666666667,
            2.505
          ],
          [
            1.6633333333333336,
            2.505
          ],
          [
            1.3266666666666667,
            2.0
          ],
          [
            1.663333333333333,
            1.495
          ],
          [
            2.336666666666666,
            1.4949999999999997
          ],
          [
            2.6733333333333333,
            2.0
          ]
        ]
      ],
      "LK-9": [
        [
          [
            1.6733333333333333,
            2.5
          ],
          [
            1.3366666666666667,
            3.005
          ],
          [
            0.6633333333333336,
            3.005
          ],
          [
            0.32666666666666677,
            2.5
          ],
          [
            0.6633333333333331,
            1.995
          ],
          [
            1.3366666666666662,
            1.9949999999999997
          ],
          [
            1.6733333333333333,
            2.5
          ]
        ]
      ]
    }
  },
  "dim": 1
}