{
  "idx": {
    "Colombo": [
      [
        0.0,
        3.5
      ]
    ],
    "Gampaha": [
      [
        0.0,
        2.5
      ]
    ],
    "Kalutara": [
      [
        0.0,
        4.5
      ]
    ],
    "Kandy": [
      [
        1.0,
        3.0
      ]
    ],
    "Matale": [
      [
        2.0,
        2.5
      ]
    ],
    "Nuwara-Eliya": [
      [
        2.0,
        3.5
      ]
    ],
    "Galle": [
      [
        1.0,
        5.0
      ]
    ],
    "Matara": [
      [
        2.0,
        5.5
      ]
    ],
    "Hambantota": [
      [
        3.0,
        5.0
      ]
    ],
    "Jaffna": [
      [
        0.0,
        -0.5
      ]
    ],
    "Vanni": [
      [
        1.0,
        0.0
      ]
    ],
    "Batticaloa": [
      [
        3.0,
        1.0
      ]
    ],
    "Digamadulla": [
      [
        3.0,
        2.0
      ]
    ],
    "Trincomalee": [
      [
        2.0,
        0.5
      ]
    ],
    "Kurunegala": [
      [
        1.0,
        2.0
      ]
    ],
    "Puttalam": [
      [
        0.0,
        1.5
      ]
    ],
    "Anuradhapura": [
      [
        1.0,
        1.0
      ]
    ],
    "Polonnaruwa": [
      [
        2.0,
        1.5
      ]
    ],
    "Badulla": [
      [
        3.0,
        3.0
      ]
    ],
    "Moneragala": [
      [
        3.0,
        4.0
      ]
    ],
    "Ratnapura": [
      [
        2.0,
        4.5
      ]
    ],
    "Kegalle": [
      [
        1.0,
        4.0
      ]
    ]
  },
  "idx2": {
    "LK-1": [
      [
        [
          0.6673333333333331,
          2.5
        ],
        [
          0.3336666666666661,
          1.9995
        ],
        [
          -0.33366666666666683,
          1.9995
        ],
        [
          -0.6673333333333331,
          2.5
        ],
        [
          -0.33399999999999996,
          2.9999999999999996
        ],
        [
          -0.6673333333333331,
          3.4999999999999996
        ],
        [
          -0.33399999999999985,
          4.0
        ],
        [
          -0.6673333333333331,
          4.5
        ],
        [
          -0.3336666666666664,
          5.000499999999999
        ],
        [
          0.3336666666666666,
          5.000499999999999
        ],
        [
          0.6673333333333331,
          4.5
        ],
        [
          0.33399999999999985,
          4.0
        ],
        [
          0.6673333333333331,
          3.4999999999999996
        ],
        [
          0.33399999999999985,
          3.0
        ],
        [
          0.6673333333333331,
          2.5
        ]
      ]
    ],
    "LK-2": [
      [
        [
          2.667333333333333,
          2.5
        ],
        [
          2.333666666666666,
          1.9995
        ],
        [
          1.6663333333333332,
          1.9995
        ],
        [
          1.3330000000000004,
          2.4995
        ],
        [
          0.6663333333333332,
          2.4995000000000003
        ],
        [
          0.3326666666666669,
          3.0
        ],
        [
          0.6663333333333337,
          3.5004999999999997
        ],
        [
          1.3330000000000002,
          3.5004999999999997
        ],
        [
          1.6663333333333337,
          4.0005
        ],
        [
          2.333666666666667,
          4.0005
        ],
        [
          2.667333333333333,
          3.4999999999999996
        ],
        [
          2.3339999999999996,
          3.0000000000000004
        ],
        [
          2.667333333333333,
          2.5
        ]
      ]
    ],
    "LK-3": [
      [
        [
          1.3336666666666661,
          4.499499999999999
        ],
        [
          0.6663333333333332,
          4.4995
        ],
        [
          0.3326666666666669,
          5.0
        ],
        [
          0.6663333333333337,
          5.5005
        ],
        [
          1.3330000000000002,
          5.5005
        ],
        [
          1.6663333333333337,
          6.0005
        ],
        [
          2.333666666666667,
          6.0005
        ],
        [
          2.667,
          5.5005
        ],
        [
          3.333666666666667,
          5.5005
        ],
        [
          3.667333333333333,
          5.0
        ],
        [
          3.333666666666666,
          4.499499999999999
        ],
        [
          2.666333333333333,
          4.4995
        ],
        [
          2.3330000000000006,
          4.999499999999999
        ],
        [
          1.6669999999999998,
          4.9995
        ],
        [
          1.3336666666666661,
          4.499499999999999
        ]
      ]
    ],
    "LK-4": [
      [
        [
          0.3336666666666661,
          -1.0005000000000002
        ],
        [
          -0.33366666666666683,
          -1.0005
        ],
        [
          -0.6673333333333331,
          -0.4999999999999999
        ],
        [
          -0.3336666666666664,
          0.0004999999999998742
        ],
        [
          0.3330000000000001,
          0.0004999999999998742
        ],
        [
          0.6663333333333337,
          0.5004999999999998
        ],
        [
          1.3336666666666666,
          0.5004999999999998
        ],
        [
          1.6673333333333331,
          0.0
        ],
        [
          1.3336666666666661,
          -0.5005000000000001
        ],
        [
          0.6669999999999999,
          -0.5004999999999998
        ],
        [
          0.3336666666666661,
          -1.0005000000000002
        ]
      ]
    ],
    "LK-5": [
      [
        [
          2.333666666666666,
          -0.0005000000000000666
        ],
        [
          1.6663333333333332,
          -0.0004999999999997781
        ],
        [
          1.3326666666666669,
          0.5000000000000001
        ],
        [
          1.6663333333333337,
          1.0005
        ],
        [
          2.333,
          1.0005
        ],
        [
          2.6660000000000004,
          1.4999999999999996
        ],
        [
          2.332666666666667,
          2.0
        ],
        [
          2.6663333333333337,
          2.5004999999999997
        ],
        [
          3.333666666666667,
          2.5004999999999997
        ],
        [
          3.667333333333333,
          2.0
        ],
        [
          3.3339999999999996,
          1.5000000000000007
        ],
        [
          3.667333333333333,
          1.0
        ],
        [
          3.333666666666666,
          0.49949999999999994
        ],
        [
          2.667,
          0.4995000000000002
        ],
        [
          2.333666666666666,
          -0.0005000000000000666
        ]
      ]
    ],